Label,# Samples,Average,Median,90% Line,95% Line,99% Line,Min,Max,Error %,Throughput,Received KB/sec,Sent KB/sec
HTTP Request,1000,513,494,571,1175,3251,156,3300,1.200%,243.36822,62.57,36.36
TOTAL,1000,513,494,571,1175,3251,156,3300,1.200%,243.36822,62.57,36.36
