Label,# Samples,Average,Median,90% Line,95% Line,99% Line,Min,Max,Error %,Throughput,Received KB/sec,Sent KB/sec
HTTP Request,10000,9514,8253,15624,21023,21057,548,71221,15.200%,140.34891,56.75,19.61
TOTAL,10000,9514,8253,15624,21023,21057,548,71221,15.200%,140.34891,56.75,19.61
