Label,# Samples,Average,Median,90% Line,95% Line,99% Line,Min,Max,Error %,Throughput,Received KB/sec,Sent KB/sec
HTTP Request,1000,516,483,564,1170,3258,158,3274,1.400%,239.75066,61.53,35.82
TOTAL,1000,516,483,564,1170,3258,158,3274,1.400%,239.75066,61.53,35.82
