Label,# Samples,Average,Median,90% Line,95% Line,99% Line,Min,Max,Error %,Throughput,Received KB/sec,Sent KB/sec
HTTP Request,15000,14806,14054,21048,21056,84407,564,85265,34.500%,175.89324,168.69,18.46
TOTAL,15000,14806,14054,21048,21056,84407,564,85265,34.500%,175.89324,168.69,18.46
