Label,# Samples,Average,Median,90% Line,95% Line,99% Line,Min,Max,Error %,Throughput,Received KB/sec,Sent KB/sec
HTTP Request,20000,12589,12892,21061,21229,48850,0,49606,51.840%,402.99019,547.79,30.89
TOTAL,20000,12589,12892,21061,21229,48850,0,49606,51.840%,402.99019,547.79,30.89
