Label,# Samples,Average,Median,90% Line,95% Line,99% Line,Min,Max,Error %,Throughput,Received KB/sec,Sent KB/sec
HTTP Request,25000,9523,8774,21048,21056,26236,0,27162,62.212%,920.16637,1453.26,55.61
TOTAL,25000,9523,8774,21048,21056,26236,0,27162,62.212%,920.16637,1453.26,55.61
