Label,# Samples,Average,Median,90% Line,95% Line,99% Line,Min,Max,Error %,Throughput,Received KB/sec,Sent KB/sec
HTTP Request,30000,8324,4686,21048,21057,36485,0,38242,69.863%,784.25222,1373.08,37.55
TOTAL,30000,8324,4686,21048,21057,36485,0,38242,69.863%,784.25222,1373.08,37.55
