Label,# Samples,Average,Median,90% Line,95% Line,99% Line,Min,Max,Error %,Throughput,Received KB/sec,Sent KB/sec
HTTP Request,35000,6932,4,21038,21047,31839,0,37459,72.403%,934.20526,1696.18,39.98
TOTAL,35000,6932,4,21038,21047,31839,0,37459,72.403%,934.20526,1696.18,39.98
