Label,# Samples,Average,Median,90% Line,95% Line,99% Line,Min,Max,Error %,Throughput,Received KB/sec,Sent KB/sec
HTTP Request,5000,4609,3631,7807,9295,15227,369,15255,12.900%,305.45543,79.79,45.43
TOTAL,5000,4609,3631,7807,9295,15227,369,15255,12.900%,305.45543,79.79,45.43
